esquerda_cm,centro_cm,direita_cm,label
105.93,19.95,105.17,2
12.47,110.84,89.19,1
26.21,45.53,42.82,1
16.69,42.77,47.38,1
88.22,55.98,78.17,0
46.2,93.9,82.85,0
75.55,40.21,33.25,0
27.18,109.36,10.53,3
39.15,85.35,68.8,0
19.03,115.46,107.0,1
17.64,116.8,106.34,1
115.81,39.45,15.72,3
19.96,87.98,96.55,1
68.77,40.57,37.8,0
45.44,82.66,10.09,3
47.56,72.22,14.67,3
25.27,47.18,44.45,1
12.19,84.93,44.21,1
45.26,117.89,98.51,0
16.86,117.79,56.15,1
13.8,117.71,50.96,1
97.43,21.29,48.81,2
84.79,67.64,88.29,0
52.72,33.08,25.58,3
48.13,54.19,118.86,0
52.86,25.95,104.52,2
99.14,6.05,81.97,2
60.48,79.56,91.95,0
101.19,80.99,43.04,0
104.88,7.31,45.85,2
25.16,6.96,110.03,2
100.68,78.25,43.7,0
6.61,77.08,46.08,1
113.28,56.66,62.65,0
79.32,39.46,18.9,3
66.32,32.47,15.01,3
106.78,22.05,54.62,2
65.5,11.18,119.43,2
17.77,29.0,38.71,1
64.75,76.11,78.18,0
48.85,15.84,31.91,2
11.62,104.06,110.35,1
62.28,70.61,15.11,3
22.61,31.69,35.24,1
29.5,112.4,24.54,3
16.52,24.2,96.6,1
66.0,18.55,113.75,2
39.17,8.3,49.15,2
20.03,48.3,73.93,1
81.38,11.07,29.65,2
72.87,88.67,54.98,0
38.85,22.05,57.6,2
6.14,40.92,81.53,1
65.88,83.5,22.65,3
48.88,14.65,117.54,2
70.71,69.91,17.7,3
116.04,57.36,19.31,3
41.65,34.47,13.06,3
90.5,70.52,24.88,3
15.46,42.01,64.31,1
114.77,105.29,92.76,0
20.95,80.37,44.53,1
96.94,50.92,18.58,3
77.26,62.85,23.78,3
106.82,116.33,105.98,0
52.93,72.11,105.59,0
100.72,45.43,22.47,3
36.02,8.82,49.21,2
8.26,70.09,45.0,1
17.43,118.49,119.45,1
9.73,35.16,94.87,1
73.12,86.65,8.01,3
57.93,93.55,68.32,0
102.73,17.61,49.35,2
27.13,37.4,103.88,1
60.56,7.78,69.81,2
65.39,39.1,15.12,3
110.34,118.07,26.41,3
64.67,20.09,36.99,2
17.82,27.79,87.33,1
59.97,62.87,18.88,3
47.53,24.47,88.53,2
111.69,45.42,7.53,3
23.15,49.39,47.53,1
118.92,107.04,25.65,3
24.18,8.86,70.35,2
87.86,22.0,50.56,2
94.79,60.35,74.27,0
114.29,102.6,14.97,3
73.79,104.46,17.44,3
85.61,47.21,66.52,0
119.92,84.09,60.86,0
55.62,6.29,81.15,2
87.42,65.11,26.28,3
33.33,53.91,20.9,3
103.7,25.17,89.67,2
10.92,48.23,115.66,1
35.19,34.65,70.99,0
112.03,51.4,31.06,0
59.68,42.59,93.2,0
93.06,25.66,79.51,2
92.04,97.08,101.82,0
14.15,42.33,78.67,1
98.12,17.65,68.13,2
8.43,76.81,44.98,1
57.55,7.93,34.29,2
29.96,84.13,20.53,3
38.6,105.65,26.6,3
21.49,45.34,66.71,1
36.79,83.72,98.75,0
12.25,54.59,107.41,1
74.24,62.41,93.2,0
115.25,20.21,45.89,2
54.13,106.31,61.14,0
107.46,21.12,36.91,2
54.84,74.21,55.47,0
24.19,29.0,111.28,1
15.4,55.59,83.79,1
44.78,104.96,15.57,3
52.35,108.02,15.67,3
103.93,8.1,33.15,2
8.18,94.57,48.06,1
66.16,65.55,6.08,3
51.26,5.34,45.08,2
86.09,23.73,46.48,2
77.91,26.8,27.57,2
59.25,32.83,20.91,3
22.54,102.42,76.31,1
11.61,84.64,33.64,1
27.83,80.87,7.12,3
42.55,90.86,52.08,0
112.78,64.66,68.34,0
64.47,15.89,63.81,2
81.37,106.81,8.59,3
48.45,42.36,18.94,3
40.26,22.92,85.13,2
107.77,22.66,53.43,2
39.08,61.2,39.4,0
32.45,16.28,96.51,2
84.64,91.34,82.72,0
76.47,76.08,20.38,3
39.94,115.34,116.37,0
104.85,104.74,70.73,0
40.8,47.64,55.0,0
63.51,84.02,26.87,3
97.74,10.45,44.63,2
112.01,37.26,21.21,3
81.63,58.32,17.28,3
24.17,86.09,78.29,1
102.71,41.84,71.01,0
15.88,47.98,30.14,1
104.45,103.53,80.11,0
25.7,39.37,44.74,1
33.85,84.94,53.04,0
21.03,36.64,42.6,1
118.66,21.43,57.64,2
57.57,24.61,37.47,2
91.77,23.8,50.02,2
92.78,52.03,16.99,3
19.51,112.96,87.29,1
33.24,75.45,103.15,0
40.84,11.49,112.78,2
31.75,8.6,117.32,2
35.56,93.34,24.29,3
8.72,86.19,57.69,1
96.56,8.62,94.46,2
111.24,33.05,20.72,3
99.64,92.14,10.96,3
36.51,47.87,25.5,3
49.83,59.67,99.49,0
86.06,118.65,40.71,0
36.19,43.32,88.5,0
43.82,25.61,30.72,2
76.96,60.07,53.52,0
21.33,99.13,85.68,1
94.22,21.59,71.74,2
44.11,22.41,80.87,2
25.66,34.91,101.18,1
21.46,103.52,45.13,1
44.33,41.26,24.91,3
50.43,76.86,6.99,3
86.68,87.85,37.99,0
51.34,6.4,25.62,2
63.79,69.06,50.39,0
78.41,72.09,87.79,0
20.03,99.8,118.99,1
94.04,18.1,30.6,2
5.33,86.68,25.68,1
118.02,68.55,5.55,3
100.15,8.48,79.42,2
97.78,107.29,102.23,0
99.25,77.78,21.92,3
30.68,65.41,17.04,3
47.01,96.97,38.82,0
91.79,92.95,111.23,0
9.64,95.22,50.46,1
13.32,42.44,68.83,1
60.39,26.12,104.06,2
89.31,17.94,39.09,2
41.9,86.14,21.98,3
72.75,27.1,5.66,3
51.93,10.45,43.02,2
34.32,9.29,80.25,2
111.61,90.42,36.2,0
16.4,67.44,55.79,1
20.59,114.12,108.16,1
13.12,37.07,106.22,1
19.24,54.4,71.5,1
73.01,6.36,108.27,2
84.52,39.57,6.12,3
44.32,50.54,25.02,3
6.89,54.21,62.36,1
44.2,117.51,34.56,0
97.16,8.78,32.78,2
99.74,63.42,112.66,0
48.34,22.13,85.71,2
11.19,58.44,30.26,1
34.76,66.16,22.38,3
38.89,34.36,74.14,0
50.77,7.27,26.07,2
109.21,102.46,102.45,0
8.72,35.56,44.76,1
106.61,117.38,81.26,0
35.28,26.64,39.14,2
73.98,56.69,46.05,0
79.67,60.99,13.21,3
22.86,116.91,31.47,1
55.84,96.27,40.76,0
95.11,61.22,112.62,0
46.08,38.72,8.64,3
43.45,19.03,56.27,2
56.55,12.17,36.46,2
54.95,59.31,19.39,3
65.26,73.73,94.63,0
23.52,93.4,31.75,1
14.82,61.33,99.02,1
7.8,113.53,77.42,1
115.31,41.38,14.11,3
64.38,48.38,16.69,3
24.42,55.8,105.42,1
